time,SoC
1,40
2,40
3,40
4,40
5,40
6,40
7,40
8,40
9,40
10,40
11,40
12,40
13,40
14,40
15,40
16,40
17,40
18,40
19,40
20,40
21,40
22,40
23,40
24,40
25,40
26,40
27,40
28,40
29,40
30,40
31,40
32,40
33,40
34,40
35,40
36,40
37,40
38,40
39,40
40,40
41,40
42,40
43,40
44,40
45,40
46,40
47,40
48,40
49,40
50,40
51,40
52,40
53,40
54,40
55,40
56,40
57,40
58,40
59,40
60,40
61,40
62,40
63,40
64,40
65,40
66,40
67,40
68,40
69,40
70,40
71,40
72,40
73,40
74,40
75,40
76,40
77,60
78,60
79,60
80,60
81,60
82,60
83,60
84,60
85,60
86,60
87,60
88,60
89,60
90,60
91,60
92,60
93,60
94,60
95,60
96,60
97,60
98,60
99,60
100,60
101,60
102,60
103,60
104,60
105,60
106,60
107,60
108,60
109,60
110,60
111,60
112,60
113,60
114,60
115,60
116,60
117,60
118,60
119,60
120,60
121,60
122,60
123,60
124,60
125,60
126,60
127,60
128,60
129,60
130,60
131,60
132,60
133,60
134,60
135,60
136,60
137,60
138,60
139,60
140,60
141,60
142,60
143,60
144,60
145,60
146,60
147,60
148,60
149,60
150,60
151,60
152,60
153,60
154,60
155,60
156,60
157,60
158,60
159,60
160,60
161,60
162,60
163,60
164,60
165,60
166,60
167,60
168,60
169,60
170,60
171,60
172,60
173,60
174,60
175,60
176,60
177,60
178,60
179,60
180,60
181,60
182,60
183,60
184,60
185,60
186,60
187,60
188,60
189,60
190,60
191,60
192,60
193,60
194,60
195,60
196,60
197,60
198,60
199,60
200,60
201,60
202,60
203,60
204,60
205,60
206,60
207,60
208,60
209,60
210,60
211,60
212,60
213,60
214,60
215,60
216,60
217,60
218,60
219,60
220,60
221,60
222,60
223,60
224,60
225,60
226,60
227,60
228,60
229,60
230,60
231,60
232,60
233,60
234,60
235,60
236,60
237,60
238,60
239,60
240,60
241,60
242,60
243,60
244,60
245,60
246,60
247,60
248,60
249,60
250,60
251,60
252,60
253,60
254,60
255,60
256,60
257,60
258,60
259,60
260,60
261,60
262,60
263,60
264,60
265,60
266,60
267,60
268,60
269,60
270,60
271,60
272,60
273,60
274,60
275,60
276,60
277,60
278,60
279,60
280,60
281,60
282,60
283,60
284,60
285,60
286,60
287,60
288,60
289,60
290,60
291,60
292,60
293,60
294,60
295,60
296,60
297,60
298,60
299,60
300,60
301,60
302,60
303,60
304,60
305,60
306,60
307,60
308,60
309,60
310,60
311,60
312,60
313,60
314,60
315,60
316,60
317,60
318,60
319,60
320,60
321,60
322,60
323,60
324,60
325,60
326,60
327,60
328,60
329,60
330,60
331,60
332,60
333,60
334,60
335,60
336,60
337,60
338,60
339,60
340,60
341,60
342,60
343,60
344,60
345,60
346,60
347,60
348,60
349,60
350,60
351,60
352,60
353,60
354,60
355,60
356,60
357,60
358,60
359,60
360,60
361,60
362,60
363,60
364,60
365,60
366,60
367,60
368,60
369,60
370,60
371,60
372,60
373,60
374,60
375,60
376,60
377,60
378,60
379,60
380,60
381,60
382,60
383,60
384,60
385,70
386,70
387,70
388,70
389,70
390,70
391,70
392,70
393,70
394,70
395,70
396,70
397,70
398,70
399,70
400,70
401,70
402,70
403,70
404,70
405,70
406,70
407,70
408,70
409,70
410,70
411,70
412,70
413,70
414,70
415,70
416,70
417,70
418,70
419,70
420,70
421,70
422,70
423,70
424,70
425,70
426,70
427,70
428,70
429,70
430,70
431,70
432,70
433,70
434,70
435,70
436,70
437,70
438,70
439,70
440,70
441,70
442,70
443,70
444,70
445,70
446,70
447,70
448,70
449,70
450,70
451,70
452,70
453,70
454,70
455,70
456,70
457,70
458,70
459,70
460,70
461,70
462,70
463,70
464,70
465,70
466,70
467,70
468,70
469,70
470,70
471,70
472,70
473,70
474,70
475,70
476,70
477,70
478,70
479,70
480,70
481,70
482,70
483,70
484,70
485,70
486,70
487,70
488,70
489,70
490,70
491,70
492,70
493,70
494,70
495,70
496,70
497,70
498,70
499,70
500,70
501,70
502,70
503,70
504,70
505,70
506,70
507,70
508,70
509,70
510,70
511,70
512,70
513,70
514,70
515,70
516,70
517,70
518,70
519,70
520,70
521,70
522,70
523,70
524,70
525,70
526,70
527,70
528,70
529,70
530,70
531,70
532,70
533,70
534,70
535,70
536,70
537,70
538,70
539,70
540,70
541,70
542,70
543,70
544,70
545,70
546,70
547,70
548,70
549,70
550,70
551,70
552,70
553,70
554,70
555,70
556,70
557,70
558,70
559,70
560,70
561,70
562,70
563,70
564,70
565,70
566,70
567,70
568,70
569,70
570,70
571,70
572,70
573,70
574,70
575,70
576,70
577,70
578,70
579,70
580,70
581,70
582,70
583,70
584,70
585,70
586,70
587,70
588,70
589,70
590,70
591,70
592,70
593,70
594,70
595,70
596,70
597,70
598,70
599,70
600,70
601,70
602,70
603,70
604,70
605,70
606,70
607,70
608,70
609,70
610,70
611,70
612,70
613,70
614,70
615,70
616,70
617,70
618,70
619,70
620,70
621,70
622,70
623,70
624,70
625,70
626,70
627,70
628,70
629,70
630,70
631,70
632,70
633,70
634,70
635,70
636,70
637,70
638,70
639,70
640,70
641,70
642,70
643,70
644,70
645,70
646,70
647,70
648,70
649,70
650,70
651,70
652,70
653,70
654,70
655,70
656,70
657,70
658,70
659,70
660,70
661,70
662,70
663,70
664,70
665,70
666,70
667,70
668,70
669,70
670,70
671,70
672,70
673,70
674,70
675,70
676,70
677,70
678,70
679,70
680,70
681,70
682,70
683,70
684,70
685,70
686,70
687,70
688,70
689,70
690,70
691,70
692,70
693,70
694,70
695,70
696,70
697,70
698,70
699,70
700,70
701,70
702,70
703,70
704,70
705,70
706,70
707,70
708,70
709,70
710,70
711,70
712,70
713,70
714,70
715,70
716,70
717,70
718,70
719,70
720,70
721,70
722,70
723,70
724,70
725,70
726,70
727,70
728,70
729,70
730,70
731,70
732,70
733,70
734,70
735,70
736,70
737,70
738,70
739,70
740,70
741,70
742,70
743,70
744,70
745,70
746,70
747,70
748,70
749,70
750,70
751,70
752,70
753,70
754,70
755,70
756,70
757,70
758,70
759,70
760,70
761,70
762,70
763,70
764,70
765,70
766,70
767,70
768,70
769,70
770,70
771,70
772,70
773,70
774,70
775,70
776,70
777,70
778,70
779,70
780,70
781,70
782,70
783,70
784,70
785,70
786,70
787,70
788,70
789,70
790,70
791,70
792,70
793,70
794,70
795,70
796,70
797,70
798,70
799,70
800,70
801,70
802,70
803,70
804,70
805,70
806,70
807,70
808,70
809,70
810,70
811,70
812,70
813,70
814,70
815,70
816,70
817,70
818,70
819,70
820,70
821,70
822,70
823,70
824,70
825,70
826,70
827,70
828,70
829,70
830,70
831,70
832,70
833,70
834,70
835,70
836,70
837,70
838,70
839,70
840,70
841,70
842,70
843,70
844,70
845,70
846,70
847,70
848,70
849,70
850,70
851,70
852,70
853,70
854,70
855,70
856,70
857,70
858,70
859,70
860,70
861,70
862,70
863,70
864,70
865,70
866,70
867,70
868,70
869,70
870,70
871,70
872,70
873,70
874,70
875,70
876,70
877,70
878,70
879,70
880,70
881,70
882,70
883,70
884,70
885,70
886,70
887,70
888,70
889,70
890,70
891,70
892,70
893,70
894,70
895,70
896,70
897,70
898,70
899,70
900,70
901,70
902,70
903,70
904,70
905,70
906,70
907,70
908,70
909,70
910,70
911,70
912,70
913,70
914,70
915,70
916,70
917,70
918,70
919,70
920,70
921,70
922,70
923,70
924,70
925,70
926,70
927,70
928,70
929,70
930,70
931,70
932,70
933,70
934,70
935,70
936,70
937,70
938,70
939,70
940,70
941,70
942,70
943,70
944,70
945,70
946,70
947,70
948,70
949,70
950,70
951,70
952,70
953,70
954,70
955,70
956,70
957,70
958,70
959,70
960,70
961,70
962,70
963,70
964,70
965,70
966,70
967,70
968,70
969,70
970,70
971,70
972,70
973,70
974,70
975,70
976,70
977,70
978,70
979,70
980,70
981,70
982,70
983,70
984,70
985,70
986,70
987,70
988,70
989,70
990,70
991,70
992,70
993,70
994,70
995,70
996,70
997,70
998,70
999,70
1000,70
1001,70
1002,70
1003,70
1004,70
1005,70
1006,70
1007,70
1008,70
1009,70
1010,70
1011,70
1012,70
1013,70
1014,70
1015,70
1016,70
1017,70
1018,70
1019,70
1020,70
1021,70
1022,70
1023,70
1024,70
1025,70
1026,70
1027,70
1028,70
1029,70
1030,70
1031,70
1032,70
1033,70
1034,70
1035,70
1036,70
1037,70
1038,70
1039,70
1040,70
1041,70
1042,70
1043,70
1044,70
1045,70
1046,70
1047,70
1048,70
1049,70
1050,70
1051,70
1052,70
1053,70
1054,70
1055,70
1056,70
1057,70
1058,70
1059,70
1060,70
1061,70
1062,70
1063,70
1064,70
1065,70
1066,70
1067,70
1068,70
1069,70
1070,70
1071,70
1072,70
1073,70
1074,70
1075,70
1076,70
1077,70
1078,70
1079,70
1080,70
1081,70
1082,70
1083,70
1084,70
1085,70
1086,70
1087,70
1088,70
1089,70
1090,70
1091,70
1092,70
1093,70
1094,70
1095,70
1096,70
1097,70
1098,70
1099,70
1100,70
1101,70
1102,70
1103,70
1104,70
1105,70
1106,70
1107,70
1108,70
1109,70
1110,70
1111,70
1112,70
1113,70
1114,70
1115,70
1116,70
1117,70
1118,70
1119,70
1120,70
1121,70
1122,70
1123,70
1124,70
1125,70
1126,70
1127,70
1128,70
1129,70
1130,70
1131,70
1132,70
1133,70
1134,70
1135,70
1136,70
1137,70
1138,70
1139,70
1140,70
1141,70
1142,70
1143,70
1144,70
1145,70
1146,70
1147,70
1148,70
1149,70
1150,70
1151,70
1152,70
1153,70
1154,70
1155,70
1156,70
1157,70
1158,70
1159,70
1160,70
1161,70
1162,70
1163,70
1164,70
1165,70
1166,70
1167,70
1168,70
1169,70
1170,70
1171,70
1172,70
1173,70
1174,70
1175,70
1176,70
1177,70
1178,70
1179,70
1180,70
1181,70
1182,70
1183,70
1184,70
1185,70
1186,70
1187,70
1188,70
1189,70
1190,70
1191,70
1192,70
1193,70
1194,70
1195,70
1196,70
1197,70
1198,70
1199,70
1200,70
1201,70
1202,70
1203,70
1204,70
1205,70
1206,70
1207,70
1208,70
1209,70
1210,70
1211,70
1212,70
1213,70
1214,70
1215,70
1216,70
1217,70
1218,70
1219,70
1220,70
1221,70
1222,70
1223,70
1224,70
1225,70
1226,70
1227,70
1228,70
1229,70
1230,70
1231,70
1232,70
1233,70
1234,70
1235,70
1236,70
1237,70
1238,70
1239,70
1240,70
1241,70
1242,70
1243,70
1244,70
1245,70
1246,70
1247,70
1248,70
1249,70
1250,70
1251,70
1252,70
1253,70
1254,70
1255,70
1256,70
1257,70
1258,70
1259,70
1260,70
1261,70
1262,70
1263,70
1264,70
1265,70
1266,70
1267,70
1268,70
1269,70
1270,70
1271,70
1272,70
1273,70
1274,70
1275,70
1276,70
1277,70
1278,70
1279,70
1280,70
1281,70
1282,70
1283,70
1284,70
1285,70
1286,70
1287,70
1288,70
1289,70
1290,70
1291,70
1292,70
1293,70
1294,70
1295,70
1296,70
1297,70
1298,70
1299,70
1300,70
1301,70
1302,70
1303,70
1304,70
1305,70
1306,70
1307,70
1308,70
1309,70
1310,70
1311,70
1312,70
1313,70
1314,70
1315,70
1316,70
1317,70
1318,70
1319,70
1320,70
1321,70
1322,70
1323,70
1324,70
1325,70
1326,70
1327,70
1328,70
1329,70
1330,70
1331,70
1332,70
1333,70
1334,70
1335,70
1336,70
1337,70
1338,70
1339,70
1340,70
1341,70
1342,70
1343,70
1344,70
1345,70
1346,70
1347,70
1348,70
1349,70
1350,70
1351,70
1352,70
1353,70
1354,70
1355,70
1356,70
1357,70
1358,70
1359,70
1360,70
1361,70
1362,70
1363,70
1364,70
1365,70
1366,70
1367,70
1368,70
1369,70
1370,70
1371,70
1372,70
1373,70
1374,70
1375,70
1376,70
1377,70
1378,70
1379,70
1380,70
1381,70
1382,70
1383,70
1384,70
1385,70
1386,70
1387,70
1388,70
1389,70
1390,70
1391,70
1392,70
1393,70
1394,70
1395,70
1396,70
1397,70
1398,70
1399,70
1400,70
1401,70
1402,70
1403,70
1404,70
1405,70
1406,70
1407,70
1408,70
1409,70
1410,70
1411,70
1412,70
1413,70
1414,70
1415,70
1416,70
1417,70
1418,70
1419,70
1420,70
1421,70
1422,70
1423,70
1424,70
1425,70
1426,70
1427,70
1428,70
1429,70
1430,70
1431,70
1432,70
1433,70
1434,70
1435,70
1436,70
1437,70
1438,70
1439,70
1440,70
1441,70
1442,70
1443,70
1444,70
1445,70
1446,70
1447,70
1448,70
1449,70
1450,70
1451,70
1452,70
1453,70
1454,70
1455,70
1456,70
1457,70
1458,70
1459,70
1460,70
1461,70
1462,70
1463,70
1464,70
1465,70
1466,70
1467,70
1468,70
1469,70
1470,70
1471,70
1472,70
1473,70
1474,70
1475,70
1476,70
1477,70
1478,70
1479,70
1480,70
1481,70
1482,70
1483,70
1484,70
1485,70
1486,70
1487,70
1488,70
1489,70
1490,70
1491,70
1492,70
1493,70
1494,70
1495,70
1496,70
1497,70
1498,70
1499,70
1500,70
1501,70
1502,70
1503,70
1504,70
1505,70
1506,70
1507,70
1508,70
1509,70
1510,70
1511,70
1512,70
1513,70
1514,70
1515,70
1516,70
1517,70
1518,70
1519,70
1520,70
1521,70
1522,70
1523,70
1524,70
1525,70
1526,70
1527,70
1528,70
1529,70
1530,70
1531,70
1532,70
1533,70
1534,70
1535,70
1536,70
1537,70
1538,70
1539,70
1540,70
1541,70
1542,70
1543,70
1544,70
1545,70
1546,70
1547,70
1548,70
1549,70
1550,70
1551,70
1552,70
1553,70
1554,70
1555,70
1556,70
1557,70
1558,70
1559,70
1560,70
1561,70
1562,70
1563,70
1564,70
1565,70
1566,70
1567,70
1568,70
1569,70
1570,70
1571,70
1572,70
1573,70
1574,70
1575,70
1576,70
1577,70
1578,70
1579,70
1580,70
1581,70
1582,70
1583,70
1584,70
1585,70
1586,70
1587,70
1588,70
1589,70
1590,70
1591,70
1592,70
1593,70
1594,70
1595,70
1596,70
1597,70
1598,70
1599,70
1600,70
1601,70
1602,70
1603,70
1604,70
1605,70
1606,70
1607,70
1608,70
1609,70
1610,70
1611,70
1612,70
1613,70
1614,70
1615,70
1616,70
1617,70
1618,70
1619,70
1620,70
1621,70
1622,70
1623,70
1624,70
1625,70
1626,70
1627,70
1628,70
1629,70
1630,70
1631,70
1632,70
1633,70
1634,70
1635,70
1636,70
1637,70
1638,70
1639,70
1640,70
1641,70
1642,70
1643,70
1644,70
1645,70
1646,70
1647,70
1648,70
1649,70
1650,70
1651,70
1652,70
1653,70
1654,70
1655,70
1656,70
1657,70
1658,70
1659,70
1660,70
1661,70
1662,70
1663,70
1664,70
1665,70
1666,70
1667,70
1668,70
1669,70
1670,70
1671,70
1672,70
1673,70
1674,70
1675,70
1676,70
1677,70
1678,70
1679,70
1680,70
1681,70
1682,70
1683,70
1684,70
1685,70
1686,70
1687,70
1688,70
1689,70
1690,70
1691,70
1692,70
1693,70
1694,80
1695,80
1696,80
1697,80
1698,80
1699,80
1700,80
1701,80
1702,80
1703,80
1704,80
1705,80
1706,80
1707,80
1708,80
1709,80
1710,80
1711,80
1712,80
1713,80
1714,80
1715,80
1716,80
1717,80
1718,80
1719,80
1720,80
1721,80
1722,80
1723,80
1724,80
1725,80
1726,80
1727,80
1728,80
1729,80
1730,80
1731,80
1732,80
1733,80
1734,80
1735,80
1736,80
1737,80
1738,80
1739,80
1740,80
1741,80
1742,80
1743,80
1744,80
1745,80
1746,80
1747,80
1748,80
1749,80
1750,80
1751,80
1752,80
1753,80
1754,80
1755,80
1756,80
1757,80
1758,80
1759,80
1760,80
1761,80
1762,80
1763,80
1764,80
1765,80
1766,80
1767,80
1768,80
1769,80
1770,80
1771,80
1772,80
1773,80
1774,80
1775,80
1776,80
1777,80
1778,80
1779,80
1780,80
1781,80
1782,80
1783,80
1784,80
1785,80
1786,80
1787,80
1788,80
1789,80
1790,80
1791,80
1792,80
1793,80
1794,80
1795,80
1796,80
1797,80
1798,80
1799,80
1800,80
1801,80
1802,80
1803,80
1804,80
1805,80
1806,80
1807,80
1808,80
1809,80
1810,80
1811,80
1812,80
1813,80
1814,80
1815,80
1816,80
1817,80
1818,80
1819,80
1820,80
1821,80
1822,80
1823,80
1824,80
1825,80
1826,80
1827,80
1828,80
1829,80
1830,80
1831,80
1832,80
1833,80
1834,80
1835,80
1836,80
1837,80
1838,80
1839,80
1840,80
1841,80
1842,80
1843,80
1844,80
1845,80
1846,80
1847,80
1848,80
1849,80
1850,80
1851,80
1852,80
1853,80
1854,80
1855,80
1856,80
1857,80
1858,80
1859,80
1860,80
1861,80
1862,80
1863,80
1864,80
1865,80
1866,80
1867,80
1868,80
1869,80
1870,80
1871,80
1872,80
1873,80
1874,80
1875,80
1876,80
1877,80
1878,80
1879,80
1880,80
1881,80
1882,80
1883,80
1884,80
1885,80
1886,80
1887,80
1888,80
1889,80
1890,80
1891,80
1892,80
1893,80
1894,80
1895,80
1896,80
1897,80
1898,80
1899,80
1900,80
1901,80
1902,80
1903,80
1904,80
1905,80
1906,80
1907,80
1908,80
1909,80
1910,80
1911,80
1912,80
1913,80
1914,80
1915,80
1916,80
1917,80
1918,80
1919,80
1920,80
1921,80
1922,80
1923,80
1924,80
1925,80
1926,80
1927,80
1928,80
1929,80
1930,80
1931,80
1932,80
1933,80
1934,80
1935,80
1936,80
1937,80
1938,80
1939,80
1940,80
1941,80
1942,80
1943,80
1944,80
1945,80
1946,80
1947,80
1948,80
1949,80
1950,80
1951,80
1952,80
1953,80
1954,80
1955,80
1956,80
1957,80
1958,80
1959,80
1960,80
1961,80
1962,80
1963,80
1964,80
1965,80
1966,80
1967,80
1968,80
1969,80
1970,80
1971,80
1972,80
1973,80
1974,80
1975,80
1976,80
1977,80
1978,80
1979,80
1980,80
1981,80
1982,80
1983,80
1984,80
1985,80
1986,80
1987,80
1988,80
1989,80
1990,80
1991,80
1992,80
1993,80
1994,80
1995,80
1996,80
1997,80
1998,80
1999,80
2000,80
2001,80
2002,80
2003,80
2004,80
2005,80
2006,80
2007,80
2008,80
2009,80
2010,80
2011,80
2012,80
2013,80
2014,80
2015,80
2016,80
2017,80
2018,80
2019,80
2020,80
2021,80
2022,80
2023,80
2024,80
2025,80
2026,80
2027,80
2028,80
2029,80
2030,80
2031,80
2032,80
2033,80
2034,80
2035,80
2036,80
2037,80
2038,80
2039,80
2040,80
2041,80
2042,80
2043,80
2044,80
2045,80
2046,80
2047,80
2048,80
2049,80
2050,80
2051,80
2052,80
2053,80
2054,80
2055,80
2056,80
2057,80
2058,80
2059,80
2060,80
2061,80
2062,80
2063,80
2064,80
2065,80
2066,80
2067,80
2068,80
2069,80
2070,80
2071,80
2072,80
2073,80
2074,80
2075,80
2076,80
2077,80
2078,80
2079,80
2080,80
2081,80
2082,80
2083,80
2084,80
2085,80
2086,80
2087,80
2088,80
2089,80
2090,80
2091,80
2092,80
2093,80
2094,80
2095,80
2096,80
2097,80
2098,80
2099,80
2100,80
2101,80
2102,80
2103,80
2104,80
2105,80
2106,80
2107,80
2108,80
2109,80
2110,80
2111,80
2112,80
2113,80
2114,80
2115,80
2116,80
2117,80
2118,80
2119,80
2120,80
2121,80
2122,80
2123,80
2124,80
2125,80
2126,80
2127,80
2128,80
2129,80
2130,80
2131,80
2132,80
2133,80
2134,80
2135,80
2136,80
2137,80
2138,80
2139,80
2140,80
2141,80
2142,80
2143,80
2144,80
2145,80
2146,80
2147,80
2148,80
2149,80
2150,80
2151,80
2152,80
2153,80
2154,80
2155,80
2156,80
2157,80
2158,80
2159,80
2160,80
2161,80
2162,80
2163,80
2164,80
2165,80
2166,80
2167,80
2168,80
2169,80
2170,80
2171,80
2172,80
2173,80
2174,80
2175,80
2176,80
2177,80
2178,80
2179,80
2180,80
2181,80
2182,80
2183,80
2184,80
2185,80
2186,80
2187,80
2188,80
2189,80
2190,80
2191,80
2192,80
2193,80
2194,80
2195,80
2196,80
2197,80
2198,80
2199,80
2200,80
2201,80
2202,80
2203,80
2204,80
2205,80
2206,80
2207,80
2208,80
2209,80
2210,80
2211,80
2212,80
2213,80
2214,80
2215,80
2216,80
2217,80
2218,80
2219,80
2220,80
2221,80
2222,80
2223,80
2224,80
2225,80
2226,80
2227,80
2228,80
2229,80
2230,80
2231,80
2232,80
2233,80
2234,80
2235,80
2236,80
2237,80
2238,80
2239,80
2240,80
2241,80
2242,80
2243,80
2244,80
2245,80
2246,80
2247,80
2248,80
2249,80
2250,80
2251,80
2252,80
2253,80
2254,80
2255,80
2256,80
2257,80
2258,80
2259,80
2260,80
2261,80
2262,80
2263,80
2264,80
2265,80
2266,80
2267,80
2268,80
2269,80
2270,80
2271,80
2272,80
2273,80
2274,80
2275,80
2276,80
2277,80
2278,80
2279,80
2280,80
2281,80
2282,80
2283,80
2284,80
2285,80
2286,80
2287,80
2288,80
2289,80
2290,80
2291,80
2292,80
2293,80
2294,80
2295,80
2296,80
2297,80
2298,80
2299,80
2300,80
2301,80
2302,80
2303,80
2304,80
2305,80
2306,80
2307,80
2308,80
2309,80
2310,80
2311,80
2312,80
2313,80
2314,80
2315,80
2316,80
2317,80
2318,80
2319,80
2320,80
2321,80
2322,80
2323,80
2324,80
2325,80
2326,80
2327,80
2328,80
2329,80
2330,80
2331,80
2332,80
2333,80
2334,80
2335,80
2336,80
2337,80
2338,80
2339,80
2340,80
2341,80
2342,80
2343,80
2344,80
2345,80
2346,80
2347,80
2348,80
2349,80
2350,80
2351,80
2352,80
2353,80
2354,80
2355,80
2356,80
2357,80
2358,80
2359,80
2360,80
2361,80
2362,80
2363,80
2364,80
2365,80
2366,80
2367,80
2368,80
2369,80
2370,80
2371,80
2372,80
2373,80
2374,80
2375,80
2376,80
2377,80
2378,80
2379,80
2380,80
2381,80
2382,80
2383,80
2384,80
2385,80
2386,80
2387,80
2388,80
2389,80
2390,80
2391,80
2392,80
2393,80
2394,80
2395,80
2396,80
2397,80
2398,80
2399,80
2400,80
2401,80
2402,80
2403,80
2404,80
2405,80
2406,80
2407,80
2408,80
2409,80
2410,80
2411,80
2412,80
2413,80
2414,80
2415,80
2416,80
2417,80
2418,80
2419,80
2420,80
2421,80
2422,80
2423,80
2424,80
2425,80
2426,80
2427,80
2428,80
2429,80
2430,80
2431,80
2432,80
2433,80
2434,80
2435,80
2436,80
2437,80
2438,80
2439,80
2440,80
2441,80
2442,80
2443,80
2444,80
2445,80
2446,80
2447,80
2448,80
2449,80
2450,80
2451,80
2452,80
2453,80
2454,80
2455,80
2456,80
2457,80
2458,80
2459,80
2460,80
2461,80
2462,80
2463,80
2464,80
2465,80
2466,80
2467,80
2468,80
2469,80
2470,80
2471,80
2472,80
2473,80
2474,80
2475,80
2476,80
2477,80
2478,80
2479,80
2480,80
2481,80
2482,80
2483,80
2484,80
2485,80
2486,80
2487,80
2488,80
2489,80
2490,80
2491,80
2492,80
2493,80
2494,80
2495,80
2496,80
2497,80
2498,80
2499,80
2500,80
2501,80
2502,80
2503,80
2504,80
2505,80
2506,80
2507,80
2508,80
2509,80
2510,80
2511,80
2512,80
2513,80
2514,80
2515,80
2516,80
2517,80
2518,80
2519,80
2520,80
2521,80
2522,80
2523,80
2524,80
2525,80
2526,80
2527,80
2528,80
2529,80
2530,80
2531,80
2532,80
2533,80
2534,80
2535,80
2536,80
2537,80
2538,80
2539,80
2540,80
2541,80
2542,80
2543,80
2544,80
2545,80
2546,80
2547,80
2548,80
2549,80
2550,80
2551,80
2552,80
2553,80
2554,80
2555,80
2556,80
2557,80
2558,80
2559,80
2560,80
2561,80
2562,80
2563,80
2564,80
2565,80
2566,80
2567,80
2568,80
2569,80
2570,80
2571,80
2572,80
2573,80
2574,80
2575,80
2576,80
2577,80
2578,80
2579,80
2580,80
2581,80
2582,80
2583,80
2584,80
2585,80
2586,80
2587,80
2588,80
2589,80
2590,80
2591,80
2592,80
2593,80
2594,80
2595,80
2596,80
2597,80
2598,80
2599,80
2600,80
2601,80
2602,80
2603,80
2604,80
2605,80
2606,80
2607,80
2608,80
2609,80
2610,80
2611,80
2612,80
2613,80
2614,80
2615,80
2616,80
2617,80
2618,80
2619,80
2620,80
2621,80
2622,80
2623,80
2624,80
2625,80
2626,80
2627,80
2628,80
2629,80
2630,80
2631,80
2632,80
2633,80
2634,80
2635,80
2636,80
2637,80
2638,80
2639,80
2640,80
2641,80
2642,80
2643,80
2644,80
2645,80
2646,80
2647,80
2648,80
2649,80
2650,80
2651,80
2652,80
2653,80
2654,80
2655,80
2656,80
2657,80
2658,80
2659,80
2660,80
2661,80
2662,80
2663,80
2664,80
2665,80
2666,80
2667,80
2668,80
2669,80
2670,80
2671,80
2672,80
2673,80
2674,80
2675,80
2676,80
2677,80
2678,80
2679,80
2680,80
2681,80
2682,80
2683,80
2684,80
2685,80
2686,80
2687,80
2688,80
2689,80
2690,80
2691,80
2692,80
2693,80
2694,80
2695,80
2696,80
2697,80
2698,80
2699,80
2700,80
2701,80
2702,80
2703,80
2704,80
2705,80
2706,80
2707,80
2708,80
2709,80
2710,80
2711,80
2712,80
2713,80
2714,80
2715,80
2716,80
2717,80
2718,80
2719,80
2720,80
2721,80
2722,80
2723,80
2724,80
2725,80
2726,80
2727,80
2728,80
2729,80
2730,80
2731,80
2732,80
2733,80
2734,80
2735,80
2736,80
2737,80
2738,80
2739,80
2740,80
2741,80
2742,80
2743,80
2744,80
2745,80
2746,80
2747,80
2748,80
2749,80
2750,80
2751,80
2752,80
2753,80
2754,80
2755,80
2756,80
2757,80
2758,80
2759,80
2760,80
2761,80
2762,80
2763,80
2764,80
2765,80
2766,80
2767,80
2768,80
2769,80
2770,80
2771,80
2772,80
2773,80
2774,80
2775,80
2776,80
2777,80
2778,80
2779,80
2780,80
2781,80
2782,80
2783,80
2784,80
2785,80
2786,80
2787,80
2788,80
2789,80
2790,80
2791,80
2792,80
2793,80
2794,80
2795,80
2796,80
2797,80
2798,80
2799,80
2800,80
2801,80
2802,80
2803,80
2804,80
2805,80
2806,80
2807,80
2808,80
2809,80
2810,80
2811,80
2812,80
2813,80
2814,80
2815,80
2816,80
2817,80
2818,80
2819,80
2820,80
2821,80
2822,80
2823,80
2824,80
2825,80
2826,80
2827,80
2828,80
2829,80
2830,80
2831,80
2832,80
2833,80
2834,80
2835,80
2836,80
2837,80
2838,80
2839,80
2840,80
2841,80
2842,80
2843,80
2844,80
2845,80
2846,80
2847,80
2848,80
2849,80
2850,80
2851,80
2852,80
2853,80
2854,80
2855,80
2856,80
2857,80
2858,80
2859,80
2860,80
2861,80
2862,80
2863,80
2864,80
2865,80
2866,80
2867,80
2868,80
2869,80
2870,80
2871,80
2872,80
2873,80
2874,80
2875,80
2876,80
2877,80
2878,80
2879,80
2880,80
2881,80
2882,80
2883,80
2884,80
2885,80
2886,80
2887,80
2888,80
2889,80
2890,80
2891,80
2892,80
2893,80
2894,80
2895,80
2896,80
2897,80
2898,80
2899,80
2900,80
2901,80
2902,80
2903,80
2904,80
2905,80
2906,80
2907,80
2908,80
2909,80
2910,80
2911,80
2912,80
2913,80
2914,80
2915,80
2916,80
2917,80
2918,80
2919,80
2920,80
2921,80
2922,80
2923,80
2924,80
2925,80
2926,80
2927,80
2928,80
2929,80
2930,80
2931,80
2932,80
2933,80
2934,80
2935,80
2936,80
2937,80
2938,80
2939,80
2940,80
2941,80
2942,80
2943,80
2944,80
2945,80
2946,80
2947,80
2948,80
2949,80
2950,80
2951,80
2952,80
2953,80
2954,80
2955,80
2956,80
2957,80
2958,80
2959,80
2960,80
2961,80
2962,80
2963,80
2964,80
2965,80
2966,80
2967,80
2968,80
2969,80
2970,80
2971,80
2972,80
2973,80
2974,80
2975,80
2976,80
2977,80
2978,80
2979,80
2980,80
2981,80
2982,80
2983,80
2984,80
2985,80
2986,80
2987,80
2988,80
2989,80
2990,80
2991,80
2992,80
2993,80
2994,80
2995,80
2996,80
2997,80
2998,80
2999,80
3000,80
3001,80
3002,80
3003,80
3004,80
3005,80
3006,80
3007,80
3008,80
3009,80
3010,80
3011,80
3012,80
3013,80
3014,80
3015,80
3016,80
3017,80
3018,80
3019,80
3020,80
3021,80
3022,80
3023,80
3024,80
3025,80
3026,80
3027,80
3028,80
3029,80
3030,80
3031,80
3032,80
3033,80
3034,80
3035,80
3036,80
3037,80
3038,80
3039,80
3040,80
3041,80
3042,80
3043,80
3044,80
3045,80
3046,80
3047,80
3048,80
3049,80
3050,80
3051,80
3052,80
3053,80
3054,80
3055,80
3056,80
3057,80
3058,80
3059,80
3060,80
3061,80
3062,80
3063,80
3064,80
3065,80
3066,80
3067,80
3068,80
3069,80
3070,80
3071,80
3072,80
3073,80
3074,80
3075,80
3076,80
3077,80
3078,80
3079,80
3080,80
3081,80
3082,80
3083,80
3084,80
3085,80
3086,80
3087,80
3088,80
3089,80
3090,80
3091,80
3092,80
3093,80
3094,80
3095,80
3096,80
3097,80
3098,80
3099,80
3100,80
3101,80
3102,80
3103,80
3104,80
3105,80
3106,80
3107,80
3108,80
3109,80
3110,80
3111,80
3112,80
3113,80
3114,80
3115,80
3116,80
3117,80
3118,80
3119,80
3120,80
3121,80
3122,80
3123,80
3124,80
3125,80
3126,80
3127,80
3128,80
3129,80
3130,80
3131,80
3132,80
3133,80
3134,80
3135,80
3136,80
3137,80
3138,80
3139,80
3140,80
3141,80
3142,80
3143,80
3144,80
3145,80
3146,80
3147,80
3148,80
3149,80
3150,80
3151,80
3152,80
3153,80
3154,80
3155,80
3156,80
3157,80
3158,80
3159,80
3160,80
3161,80
3162,80
3163,80
3164,80
3165,80
3166,80
3167,80
3168,80
3169,80
3170,80
3171,80
3172,80
3173,80
3174,80
3175,80
3176,80
3177,80
3178,80
3179,80
3180,80
3181,80
3182,80
3183,80
3184,80
3185,80
3186,80
3187,80
3188,80
3189,80
3190,80
3191,80
3192,80
3193,80
3194,80
3195,80
3196,80
3197,80
3198,80
3199,80
3200,80
3201,80
3202,80
3203,80
3204,80
3205,80
3206,80
3207,80
3208,80
3209,80
3210,80
3211,80
3212,80
3213,80
3214,80
3215,80
3216,80
3217,80
3218,80
3219,80
3220,80
3221,80
3222,80
3223,80
3224,80
3225,80
3226,80
3227,80
3228,80
3229,80
3230,80
3231,80
3232,80
3233,80
3234,80
3235,80
3236,80
3237,80
3238,80
3239,80
3240,80
3241,80
3242,80
3243,80
3244,80
3245,80
3246,80
3247,80
3248,80
3249,80
3250,80
3251,80
3252,80
3253,80
3254,80
3255,80
3256,80
3257,80
3258,80
3259,80
3260,80
3261,80
3262,80
3263,80
3264,80
3265,80
3266,80
3267,80
3268,80
3269,80
3270,80
3271,80
3272,80
3273,80
3274,80
3275,80
3276,80
3277,80
3278,80
3279,80
3280,80
3281,80
3282,80
3283,80
3284,80
3285,80
3286,80
3287,80
3288,80
3289,80
3290,80
3291,80
3292,80
3293,80
3294,80
3295,80
3296,80
3297,80
3298,80
3299,80
3300,80
3301,80
3302,80
3303,80
3304,80
3305,80
3306,80
3307,80
3308,80
3309,80
3310,80
3311,80
3312,80
3313,80
3314,80
3315,80
3316,80
3317,80
3318,80
3319,80
3320,80
3321,80
3322,80
3323,80
3324,80
3325,80
3326,80
3327,80
3328,80
3329,80
3330,80
3331,80
3332,80
3333,80
3334,80
3335,80
3336,80
3337,80
3338,80
3339,80
3340,80
3341,80
3342,80
3343,80
3344,80
3345,80
3346,80
3347,80
3348,80
3349,80
3350,80
3351,80
3352,80
3353,80
3354,80
3355,80
3356,80
3357,80
3358,80
3359,80
3360,80
3361,80
3362,80
3363,80
3364,80
3365,80
3366,80
3367,80
3368,80
3369,80
3370,80
3371,80
3372,80
3373,80
3374,80
3375,80
3376,80
3377,80
3378,80
3379,80
3380,80
3381,80
3382,80
3383,80
3384,80
3385,80
3386,80
3387,80
3388,80
3389,80
3390,80
3391,80
3392,80
3393,80
3394,80
3395,80
3396,80
3397,80
3398,80
3399,80
3400,80
3401,80
3402,80
3403,80
3404,80
3405,80
3406,80
3407,80
3408,80
3409,80
3410,80
3411,80
3412,80
3413,80
3414,80
3415,80
3416,80
3417,80
3418,80
3419,80
3420,80
3421,80
3422,80
3423,80
3424,80
3425,80
3426,80
3427,80
3428,80
3429,80
3430,80
3431,80
3432,80
3433,80
3434,80
3435,80
3436,80
3437,80
3438,80
3439,80
3440,80
3441,80
3442,80
3443,80
3444,80
3445,80
3446,80
3447,80
3448,80
3449,80
3450,80
3451,80
3452,80
3453,80
3454,80
3455,80
3456,80
3457,80
3458,80
3459,80
3460,80
3461,80
3462,80
3463,80
3464,80
3465,80
3466,80
3467,80
3468,80
3469,80
3470,80
3471,80
3472,80
3473,80
3474,80
3475,80
3476,80
3477,80
3478,80
3479,80
3480,80
3481,80
3482,80
3483,80
3484,80
3485,80
3486,80
3487,80
3488,80
3489,80
3490,80
3491,80
3492,80
3493,80
3494,80
3495,80
3496,80
3497,80
3498,80
3499,80
3500,80
3501,80
3502,80
3503,80
3504,80
3505,80
3506,80
3507,80
3508,80
3509,80
3510,80
3511,80
3512,80
3513,80
3514,80
3515,80
3516,80
3517,80
3518,80
3519,80
3520,80
3521,80
3522,80
3523,80
3524,80
3525,80
3526,80
3527,80
3528,80
3529,80
3530,80
3531,80
3532,80
3533,80
3534,80
3535,80
3536,80
3537,80
3538,80
3539,80
3540,80
3541,80
3542,80
3543,80
3544,80
3545,80
3546,80
3547,80
3548,80
3549,80
3550,80
3551,80
3552,80
3553,80
3554,80
3555,80
3556,80
3557,80
3558,80
3559,80
3560,80
3561,80
3562,80
3563,80
3564,80
3565,80
3566,80
3567,80
3568,80
3569,80
3570,80
3571,80
3572,80
3573,80
3574,80
3575,80
3576,80
3577,80
3578,80
3579,80
3580,80
3581,80
3582,80
3583,80
3584,80
3585,80
3586,80
3587,80
3588,80
3589,80
3590,80
3591,80
3592,80
3593,80
3594,80
3595,80
3596,80
3597,80
3598,80
3599,80
3600,80
3601,80
3602,80
3603,80
3604,80
3605,80
3606,80
3607,80
3608,80
3609,80
3610,80
3611,80
3612,80
3613,80
3614,80
3615,80
3616,80
3617,80
3618,80
3619,80
3620,80
3621,80
3622,80
3623,80
3624,80
3625,80
3626,80
3627,80
3628,80
3629,80
3630,80
3631,80
3632,80
3633,80
3634,80
3635,80
3636,80
3637,80
3638,80
3639,80
3640,80
3641,80
3642,80
3643,80
3644,80
3645,80
3646,80
3647,80
3648,80
3649,80
3650,80
3651,80
3652,80
3653,80
3654,80
3655,80
3656,80
3657,80
3658,80
3659,80
3660,80
3661,80
3662,80
3663,80
3664,80
3665,80
3666,80
3667,80
3668,80
3669,80
3670,80
3671,80
3672,80
3673,80
3674,80
3675,80
3676,80
3677,80
3678,80
3679,80
3680,80
3681,80
3682,80
3683,80
3684,80
3685,80
3686,80
3687,80
3688,80
3689,80
3690,80
3691,80
3692,80
3693,80
3694,80
3695,80
3696,80
3697,80
3698,80
3699,80
3700,80
3701,80
3702,80
3703,80
3704,80
3705,80
3706,80
3707,80
3708,80
3709,80
3710,80
3711,80
3712,80
3713,80
3714,80
3715,80
3716,80
3717,80
3718,80
3719,80
3720,80
3721,80
3722,80
3723,80
3724,80
3725,80
3726,80
3727,80
3728,80
3729,80
3730,80
3731,80
3732,80
3733,80
3734,80
3735,80
3736,80
3737,80
3738,80
3739,80
3740,80
3741,80
3742,80
3743,80
3744,80
3745,80
3746,80
3747,80
3748,80
3749,80
3750,80
3751,80
3752,80
3753,80
3754,80
3755,80
3756,80
3757,80
3758,80
3759,80
3760,80
3761,80
3762,80
3763,80
3764,80
3765,80
3766,80
3767,80
3768,80
3769,80
3770,80
3771,80
3772,80
3773,80
3774,80
3775,80
3776,80
3777,80
3778,80
3779,80
3780,80
3781,80
3782,80
3783,80
3784,80
3785,80
3786,80
3787,80
3788,80
3789,80
3790,80
3791,80
3792,80
3793,80
3794,80
3795,80
3796,80
3797,80
3798,80
3799,80
3800,80
3801,80
3802,80
3803,80
3804,80
3805,80
3806,80
3807,80
3808,80
3809,80
3810,80
3811,80
3812,80
3813,80
3814,80
3815,80
3816,80
3817,80
3818,80
3819,80
3820,80
3821,80
3822,80
3823,80
3824,80
3825,80
3826,80
3827,80
3828,80
3829,80
3830,80
3831,80
3832,80
3833,80
3834,80
3835,80
3836,80
3837,80
3838,80
3839,80
3840,80
3841,80
3842,80
3843,80
3844,80
3845,80
3846,80
3847,80
3848,80
3849,80
3850,80
3851,80
3852,80
3853,80
3854,80
3855,80
3856,80
3857,80
3858,80
3859,80
3860,80
3861,80
3862,80
3863,80
3864,80
3865,80
3866,80
3867,80
3868,80
3869,80
3870,80
3871,80
3872,80
3873,80
3874,80
3875,80
3876,80
3877,80
3878,80
3879,80
3880,80
3881,80
3882,80
3883,80
3884,80
3885,80
3886,80
3887,80
3888,80
3889,80
3890,80
3891,80
3892,80
3893,80
3894,80
3895,80
3896,80
3897,80
3898,80
3899,80
3900,80
3901,80
3902,80
3903,80
3904,80
3905,80
3906,80
3907,80
3908,80
3909,80
3910,80
3911,80
3912,80
3913,80
3914,80
3915,80
3916,80
3917,80
3918,80
3919,80
3920,80
3921,80
3922,80
3923,80
3924,80
3925,80
3926,80
3927,80
3928,80
3929,80
3930,80
3931,80
3932,80
3933,80
3934,80
3935,80
3936,80
3937,80
3938,80
3939,80
3940,80
3941,80
3942,80
3943,80
3944,80
3945,80
3946,80
3947,80
3948,80
3949,80
3950,80
3951,80
3952,80
3953,80
3954,80
3955,80
3956,80
3957,80
3958,80
3959,80
3960,80
3961,80
3962,80
3963,80
3964,80
3965,80
3966,80
3967,80
3968,80
3969,80
3970,80
3971,80
3972,80
3973,80
3974,80
3975,80
3976,80
3977,80
3978,80
3979,80
3980,80
3981,80
3982,80
3983,80
3984,80
3985,80
3986,80
3987,80
3988,80
3989,80
3990,80
3991,80
3992,80
3993,80
3994,80
3995,80
3996,80
3997,80
3998,80
3999,80
4000,80
4001,80
4002,80
4003,80
4004,80
4005,80
4006,80
4007,80
4008,80
4009,80
4010,80
4011,80
4012,80
4013,80
4014,80
4015,80
4016,80
4017,80
4018,80
4019,80
4020,80
4021,80
4022,80
4023,80
4024,80
4025,80
4026,80
4027,80
4028,80
4029,80
4030,80
4031,80
4032,80
4033,80
4034,80
4035,80
4036,80
4037,80
4038,80
4039,80
4040,80
4041,80
4042,80
4043,80
4044,80
4045,80
4046,80
4047,80
4048,80
4049,80
4050,80
4051,80
4052,80
4053,80
4054,80
4055,80
4056,80
4057,80
4058,80
4059,80
4060,80
4061,80
4062,80
4063,80
4064,80
4065,80
4066,80
4067,80
4068,80
4069,80
4070,80
4071,80
4072,80
4073,80
4074,80
4075,80
4076,80
4077,80
4078,80
4079,80
4080,80
4081,80
4082,80
4083,80
4084,80
4085,80
4086,80
4087,80
4088,80
4089,80
4090,80
4091,80
4092,80
4093,80
4094,80
4095,80
4096,80
4097,80
4098,80
4099,80
4100,80
4101,80
4102,80
4103,80
4104,80
4105,80
4106,80
4107,80
4108,80
4109,80
4110,80
4111,80
4112,80
4113,80
4114,80
4115,80
4116,80
4117,80
4118,80
4119,80
4120,80
4121,80
4122,80
4123,80
4124,80
4125,80
4126,80
4127,80
4128,80
4129,80
4130,80
4131,80
4132,80
4133,80
4134,80
4135,80
4136,80
4137,80
4138,80
4139,80
4140,80
4141,80
4142,80
4143,80
4144,80
4145,80
4146,80
4147,80
4148,80
4149,80
4150,80
4151,80
4152,80
4153,80
4154,80
4155,80
4156,80
4157,80
4158,80
4159,80
4160,80
4161,80
4162,80
4163,80
4164,80
4165,80
4166,80
4167,80
4168,80
4169,80
4170,80
4171,80
4172,80
4173,80
4174,80
4175,80
4176,80
4177,80
4178,80
4179,80
4180,80
4181,80
4182,80
4183,80
4184,80
4185,80
4186,80
4187,80
4188,80
4189,80
4190,80
4191,80
4192,80
4193,80
4194,80
4195,80
4196,80
4197,80
4198,80
4199,80
4200,80
4201,80
4202,80
4203,80
4204,80
4205,80
4206,80
4207,80
4208,80
4209,80
4210,80
4211,80
4212,80
4213,80
4214,80
4215,80
4216,80
4217,80
4218,80
4219,80
4220,80
4221,80
4222,80
4223,80
4224,80
4225,80
4226,80
4227,80
4228,80
4229,80
4230,80
4231,80
4232,80
4233,80
4234,80
4235,80
4236,80
4237,80
4238,80
4239,80
4240,80
4241,80
4242,80
4243,80
4244,80
4245,80
4246,80
4247,80
4248,80
4249,80
4250,80
4251,80
4252,80
4253,80
4254,80
4255,80
4256,80
4257,80
4258,80
4259,80
4260,80
4261,80
4262,80
4263,80
4264,80
4265,80
4266,80
4267,80
4268,80
4269,80
4270,80
4271,80
4272,80
4273,80
4274,80
4275,80
4276,80
4277,80
4278,80
4279,80
4280,80
4281,80
4282,80
4283,80
4284,80
4285,80
4286,80
4287,80
4288,80
4289,80
4290,80
4291,80
4292,80
4293,80
4294,80
4295,80
4296,80
4297,80
4298,80
4299,80
4300,80
4301,80
4302,80
4303,80
4304,80
4305,80
4306,80
4307,80
4308,80
4309,80
4310,80
4311,80
4312,80
4313,80
4314,80
4315,80
4316,80
4317,80
4318,80
4319,80
4320,80
4321,80
4322,80
4323,80
4324,80
4325,80
4326,80
4327,80
4328,80
4329,80
4330,80
4331,80
4332,80
4333,80
4334,80
4335,80
4336,80
4337,80
4338,80
4339,80
4340,80
4341,80
4342,80
4343,80
4344,80
4345,80
4346,80
4347,80
4348,80
4349,80
4350,80
4351,80
4352,80
4353,80
4354,80
4355,80
4356,80
4357,80
4358,80
4359,80
4360,80
4361,80
4362,80
4363,80
4364,80
4365,80
4366,80
4367,80
4368,80
4369,80
4370,80
4371,80
4372,80
4373,80
4374,80
4375,80
4376,80
4377,80
4378,80
4379,80
4380,80
4381,80
4382,80
4383,80
4384,80
4385,80
4386,80
4387,80
4388,80
4389,80
4390,80
4391,80
4392,80
4393,80
4394,80
4395,80
4396,80
4397,80
4398,80
4399,80
4400,80
4401,80
4402,80
4403,80
4404,80
4405,80
4406,80
4407,80
4408,80
4409,80
4410,80
4411,80
4412,80
4413,80
4414,80
4415,80
4416,80
4417,80
4418,80
4419,80
4420,80
4421,80
4422,80
4423,80
4424,80
4425,80
4426,80
4427,80
4428,80
4429,80
4430,80
4431,80
4432,80
4433,80
4434,80
4435,80
4436,80
4437,80
4438,80
4439,80
4440,80
4441,80
4442,80
4443,80
4444,80
4445,80
4446,80
4447,80
4448,80
4449,80
4450,80
4451,80
4452,80
4453,80
4454,80
4455,80
4456,80
4457,80
4458,80
4459,80
4460,80
4461,80
4462,80
4463,80
4464,80
4465,80
4466,80
4467,80
4468,80
4469,80
4470,80
4471,80
4472,80
4473,80
4474,80
4475,80
4476,80
4477,80
4478,80
4479,80
4480,80
4481,80
4482,80
4483,80
4484,80
4485,80
4486,80
4487,80
4488,80
4489,80
4490,80
4491,80
4492,80
4493,80
4494,80
4495,80
4496,80
4497,80
4498,80
4499,80
4500,80
4501,80
4502,80
4503,80
4504,80
4505,80
4506,80
4507,80
4508,80
4509,80
4510,80
4511,80
4512,80
4513,80
4514,80
4515,80
4516,80
4517,80
4518,80
4519,80
4520,80
4521,80
4522,80
4523,80
4524,80
4525,80
4526,80
4527,80
4528,80
4529,80
4530,80
4531,80
4532,80
4533,80
4534,80
4535,80
4536,80
4537,80
4538,80
4539,80
4540,80
4541,80
4542,80
4543,80
4544,80
4545,80
4546,80
4547,80
4548,80
4549,80
4550,80
4551,80
4552,80
4553,80
4554,80
4555,80
4556,80
4557,80
4558,80
4559,80
4560,80
4561,80
4562,80
4563,80
4564,80
4565,80
4566,80
4567,80
4568,80
4569,80
4570,80
4571,80
4572,80
4573,80
4574,80
4575,80
4576,80
4577,80
4578,80
4579,80
4580,80
4581,80
4582,80
4583,80
4584,80
4585,80
4586,80
4587,80
4588,80
4589,80
4590,80
4591,80
4592,80
4593,80
4594,80
4595,80
4596,80
4597,80
4598,80
4599,80
4600,80
4601,80
4602,80
4603,80
4604,80
4605,80
4606,80
4607,80
4608,80
4609,80
4610,80
4611,80
4612,80
4613,80
4614,80
4615,80
4616,80
4617,80
4618,80
4619,80
4620,80
4621,80
4622,80
4623,80
4624,80
4625,80
4626,80
4627,80
4628,80
4629,80
4630,80
4631,80
4632,80
4633,80
4634,80
4635,80
4636,80
4637,80
4638,80
4639,80
4640,80
4641,80
4642,80
4643,80
4644,80
4645,80
4646,80
4647,80
4648,80
4649,80
4650,80
4651,80
4652,80
4653,80
4654,80
4655,80
4656,80
4657,80
4658,80
4659,80
4660,80
4661,80
4662,80
4663,80
4664,80
4665,80
4666,80
4667,80
4668,80
4669,80
4670,80
4671,80
4672,80
4673,80
4674,80
4675,80
4676,80
4677,80
4678,80
4679,80
4680,80
4681,80
4682,80
4683,80
4684,80
4685,80
4686,80
4687,80
4688,80
4689,80
4690,80
4691,80
4692,80
4693,80
4694,80
4695,80
4696,80
4697,80
4698,80
4699,80
4700,80
4701,80
4702,80
4703,80
4704,80
4705,80
4706,80
4707,80
4708,80
4709,80
4710,80
4711,80
4712,80
4713,80
4714,80
4715,80
4716,80
4717,80
4718,80
4719,80
4720,80
4721,80
4722,80
4723,80
4724,80
4725,80
4726,80
4727,80
4728,80
4729,80
4730,80
4731,80
4732,80
4733,80
4734,80
4735,80
4736,80
4737,80
4738,80
4739,80
4740,80
4741,80
4742,80
4743,80
4744,80
4745,80
4746,80
4747,80
4748,80
4749,80
4750,80
4751,80
4752,80
4753,80
4754,80
4755,80
4756,80
4757,80
4758,80
4759,80
4760,80
4761,80
4762,80
4763,80
4764,80
4765,80
4766,80
4767,80
4768,80
4769,80
4770,80
4771,80
4772,80
4773,80
4774,80
4775,80
4776,80
4777,80
4778,80
4779,80
4780,80
4781,80
4782,80
4783,80
4784,80
4785,80
4786,80
4787,80
4788,80
4789,80
4790,80
4791,80
4792,80
4793,80
4794,80
4795,80
4796,80
4797,80
4798,80
4799,80
4800,80
4801,80
4802,80
4803,80
4804,80
4805,80
4806,80
4807,80
4808,80
4809,80
4810,80
4811,80
4812,80
4813,80
4814,80
4815,80
4816,80
4817,80
4818,80
4819,80
4820,80
4821,80
4822,80
4823,80
4824,80
4825,80
4826,80
4827,80
4828,80
4829,80
4830,80
4831,80
4832,80
4833,80
4834,80
4835,80
4836,80
4837,80
4838,80
4839,80
4840,80
4841,80
4842,80
4843,80
4844,80
4845,80
4846,80
4847,80
4848,80
4849,80
4850,80
4851,80
4852,80
4853,80
4854,80
4855,80
4856,80
4857,80
4858,80
4859,80
4860,80
4861,80
4862,80
4863,80
4864,80
4865,80
4866,80
4867,80
4868,80
4869,80
4870,80
4871,80
4872,80
4873,80
4874,80
4875,80
4876,80
4877,80
4878,80
4879,80
4880,80
4881,80
4882,80
4883,80
4884,80
4885,80
4886,80
4887,80
4888,80
4889,80
4890,80
4891,80
4892,80
4893,80
4894,80
4895,80
4896,80
4897,80
4898,80
4899,80
4900,80
4901,80
4902,80
4903,80
4904,80
4905,80
4906,80
4907,80
4908,80
4909,80
4910,80
4911,80
4912,80
4913,80
4914,80
4915,80
4916,80
4917,80
4918,80
4919,80
4920,80
4921,80
4922,80
4923,80
4924,80
4925,80
4926,80
4927,80
4928,80
4929,80
4930,80
4931,80
4932,80
4933,80
4934,80
4935,80
4936,80
4937,80
4938,80
4939,80
4940,80
4941,80
4942,80
4943,80
4944,80
4945,80
4946,80
4947,80
4948,80
4949,80
4950,80
4951,80
4952,80
4953,80
4954,80
4955,80
4956,80
4957,80
4958,80
4959,80
4960,80
4961,80
4962,80
4963,80
4964,80
4965,80
4966,80
4967,80
4968,80
4969,80
4970,80
4971,80
4972,80
4973,80
4974,80
4975,80
4976,80
4977,80
4978,80
4979,80
4980,80
4981,80
4982,80
4983,80
4984,80
4985,80
4986,80
4987,80
4988,80
4989,80
4990,80
4991,80
4992,80
4993,80
4994,80
4995,80
4996,80
4997,80
4998,80
4999,80
5000,80
5001,80
5002,80
5003,80
5004,80
5005,80
5006,80
5007,80
5008,80
5009,80
5010,80
5011,80
5012,80
5013,80
5014,80
5015,80
5016,80
5017,80
5018,80
5019,80
5020,80
5021,80
5022,80
5023,80
5024,80
5025,80
5026,80
5027,80
5028,80
5029,80
5030,80
5031,80
5032,80
5033,80
5034,80
5035,80
5036,80
5037,80
5038,80
5039,80
5040,80
5041,80
5042,80
5043,80
5044,80
5045,80
5046,80
5047,80
5048,80
5049,80
5050,80
5051,80
5052,80
5053,80
5054,80
5055,80
5056,80
5057,80
5058,80
5059,80
5060,80
5061,80
5062,80
5063,80
5064,80
5065,80
5066,80
5067,80
5068,80
5069,80
5070,80
5071,80
5072,80
5073,80
5074,80
5075,80
5076,80
5077,80
5078,80
5079,80
5080,80
5081,80
5082,80
5083,80
5084,80
5085,80
5086,80
5087,80
5088,80
5089,80
5090,80
5091,80
5092,80
5093,80
5094,80
5095,80
5096,80
5097,80
5098,80
5099,80
5100,80
5101,80
5102,80
5103,80
5104,80
5105,80
5106,80
5107,80
5108,80
5109,80
5110,80
5111,80
5112,80
5113,80
5114,80
5115,80
5116,80
5117,80
5118,80
5119,80
5120,80
5121,80
5122,80
5123,80
5124,80
5125,80
5126,80
5127,80
5128,80
5129,80
5130,80
5131,80
5132,80
5133,80
5134,80
5135,80
5136,80
5137,80
5138,80
5139,80
5140,80
5141,80
5142,80
5143,80
5144,80
5145,80
5146,80
5147,80
5148,80
5149,80
5150,80
5151,80
5152,80
5153,80
5154,80
5155,80
5156,80
5157,80
5158,80
5159,80
5160,80
5161,80
5162,80
5163,80
5164,80
5165,80
5166,80
5167,80
5168,80
5169,80
5170,80
5171,80
5172,80
5173,80
5174,80
5175,80
5176,80
5177,80
5178,80
5179,80
5180,80
5181,80
5182,80
5183,80
5184,80
5185,80
5186,80
5187,80
5188,80
5189,80
5190,80
5191,80
5192,80
5193,80
5194,80
5195,80
5196,80
5197,80
5198,80
5199,80
5200,80
5201,80
5202,80
5203,80
5204,80
5205,80
5206,80
5207,80
5208,80
5209,80
5210,80
5211,80
5212,80
5213,80
5214,80
5215,80
5216,80
5217,80
5218,80
5219,80
5220,80
5221,80
5222,80
5223,80
5224,80
5225,80
5226,80
5227,80
5228,80
5229,80
5230,80
5231,80
5232,80
5233,80
5234,80
5235,80
5236,80
5237,80
5238,80
5239,80
5240,80
5241,80
5242,80
5243,80
5244,80
5245,80
5246,80
5247,80
5248,80
5249,80
5250,80
5251,80
5252,80
5253,80
5254,80
5255,80
5256,80
5257,80
5258,80
5259,80
5260,80
5261,80
5262,80
5263,80
5264,80
5265,80
5266,80
5267,80
5268,80
5269,80
5270,80
5271,80
5272,80
5273,80
5274,80
5275,80
5276,80
5277,80
5278,80
5279,80
5280,80
5281,80
5282,80
5283,80
5284,80
5285,80
5286,80
5287,80
5288,80
5289,80
5290,80
5291,80
5292,80
5293,80
5294,80
5295,80
5296,80
5297,80
5298,80
5299,80
5300,80
5301,80
5302,80
5303,80
5304,80
5305,80
5306,80
5307,80
5308,80
5309,80
5310,80
5311,80
5312,80
5313,80
5314,80
5315,80
5316,80
5317,80
5318,80
5319,80
5320,80
5321,80
5322,80
5323,80
5324,80
5325,80
5326,80
5327,80
5328,80
5329,80
5330,80
5331,80
5332,80
5333,80
5334,80
5335,80
5336,80
5337,80
5338,80
5339,80
5340,80
5341,80
5342,80
5343,80
5344,80
5345,80
5346,80
5347,80
5348,80
5349,80
5350,80
5351,80
5352,80
5353,80
5354,80
5355,80
5356,80
5357,80
5358,80
5359,80
5360,80
5361,80
5362,80
5363,80
5364,80
5365,80
5366,80
5367,80
5368,80
5369,80
5370,80
5371,80
5372,80
5373,80
5374,80
5375,80
5376,80
5377,80
5378,80
5379,80
5380,80
5381,80
5382,80
5383,80
5384,80
5385,80
5386,80
5387,80
5388,80
5389,80
5390,80
5391,80
5392,80
5393,80
5394,80
5395,80
5396,80
5397,80
5398,80
5399,80
5400,80
5401,80
5402,80
5403,80
5404,80
5405,80
5406,80
5407,80
5408,80
5409,80
5410,80
5411,80
5412,80
5413,80
5414,80
5415,80
5416,80
5417,80
5418,80
5419,80
5420,80
5421,80
5422,80
5423,80
5424,80
5425,80
5426,80
5427,80
5428,80
5429,80
5430,80
5431,80
5432,80
5433,80
5434,80
5435,80
5436,80
5437,80
5438,80
5439,80
5440,80
5441,80
5442,80
5443,80
5444,80
5445,80
5446,80
5447,80
5448,80
5449,80
5450,80
5451,80
5452,80
5453,80
5454,80
5455,80
5456,80
5457,80
5458,80
5459,80
5460,80
5461,80
5462,80
5463,80
5464,80
5465,80
5466,80
5467,80
5468,80
5469,80
5470,80
5471,80
5472,80
5473,80
5474,80
5475,80
5476,80
5477,80
5478,80
5479,80
5480,80
5481,80
5482,80
5483,80
5484,80
5485,80
5486,80
5487,80
5488,80
5489,80
5490,80
5491,80
5492,80
5493,80
5494,80
5495,80
5496,80
5497,80
5498,80
5499,80
5500,80
5501,80
5502,80
5503,80
5504,80
5505,80
5506,80
5507,80
5508,80
5509,80
5510,80
5511,80
5512,80
5513,80
5514,80
5515,80
5516,80
5517,80
5518,80
5519,80
5520,80
5521,80
5522,80
5523,80
5524,80
5525,80
5526,80
5527,80
5528,80
5529,80
5530,80
5531,80
5532,80
5533,80
5534,80
5535,80
5536,80
5537,80
5538,80
5539,80
5540,80
5541,80
5542,80
5543,80
5544,80
5545,80
5546,80
5547,80
5548,80
5549,80
5550,80
5551,80
5552,80
5553,80
5554,80
5555,80
5556,80
5557,80
5558,80
5559,80
5560,80
5561,80
5562,80
5563,80
5564,80
5565,80
5566,80
5567,80
5568,80
5569,80
5570,80
5571,80
5572,80
5573,80
5574,80
5575,80
5576,80
5577,80
5578,80
5579,80
5580,80
5581,80
5582,80
5583,80
5584,80
5585,80
5586,80
5587,80
5588,80
5589,80
5590,80
5591,80
5592,80
5593,80
5594,80
5595,80
5596,80
5597,80
5598,80
5599,80
5600,80
5601,80
5602,80
5603,80
5604,80
5605,80
5606,80
5607,80
5608,80
5609,80
5610,80
5611,80
5612,80
5613,80
5614,80
5615,80
5616,80
5617,80
5618,80
5619,80
5620,80
5621,80
5622,80
5623,80
5624,80
5625,80
5626,80
5627,80
5628,80
5629,80
5630,80
5631,80
5632,80
5633,80
5634,80
5635,80
5636,80
5637,80
5638,80
5639,80
5640,80
5641,80
5642,80
5643,80
5644,80
5645,80
5646,80
5647,80
5648,80
5649,80
5650,80
5651,80
5652,80
5653,80
5654,80
5655,80
5656,80
5657,80
5658,80
5659,80
5660,80
5661,80
5662,80
5663,80
5664,80
5665,80
5666,80
5667,80
5668,80
5669,80
5670,80
5671,80
5672,80
5673,80
5674,80
5675,80
5676,80
5677,80
5678,80
5679,80
5680,80
5681,80
5682,80
5683,80
5684,80
5685,80
5686,80
5687,80
5688,80
5689,80
5690,80
5691,80
5692,80
5693,80
5694,80
5695,80
5696,80
5697,80
5698,80
5699,80
5700,80
5701,80
5702,80
5703,80
5704,80
5705,80
5706,80
5707,80
5708,80
5709,80
5710,80
5711,80
5712,80
5713,80
5714,80
5715,80
5716,80
5717,80
5718,80
5719,80
5720,80
5721,80
5722,80
5723,80
5724,80
5725,80
5726,80
5727,80
5728,80
5729,80
5730,80
5731,80
5732,80
5733,80
5734,80
5735,80
5736,80
5737,80
5738,80
5739,80
5740,80
5741,80
5742,80
5743,80
5744,80
5745,80
5746,80
5747,80
5748,80
5749,80
5750,80
5751,80
5752,80
5753,80
5754,80
5755,80
5756,80
5757,80
5758,80
5759,80
5760,80
5761,80
5762,80
5763,80
5764,80
5765,80
5766,80
5767,80
5768,80
5769,80
5770,80
5771,80
5772,80
5773,80
5774,80
5775,80
5776,80
5777,80
5778,80
5779,80
5780,80
5781,80
5782,80
5783,80
5784,80
5785,80
5786,80
5787,80
5788,80
5789,80
5790,80
5791,80
5792,80
5793,80
5794,80
5795,80
5796,80
5797,80
5798,80
5799,80
5800,80
5801,80
5802,80
5803,80
5804,80
5805,80
5806,80
5807,80
5808,80
5809,80
5810,80
5811,80
5812,80
5813,80
5814,80
5815,80
5816,80
5817,80
5818,80
5819,80
5820,80
5821,80
5822,80
5823,80
5824,80
5825,80
5826,80
5827,80
5828,80
5829,80
5830,80
5831,80
5832,80
5833,80
5834,80
5835,80
5836,80
5837,80
5838,80
5839,80
5840,80
5841,80
5842,80
5843,80
5844,80
5845,80
5846,80
5847,80
5848,80
5849,80
5850,80
5851,80
5852,80
5853,80
5854,80
5855,80
5856,80
5857,80
5858,80
5859,80
5860,80
5861,80
5862,80
5863,80
5864,80
5865,80
5866,80
5867,80
5868,80
5869,80
5870,80
5871,80
5872,80
5873,80
5874,80
5875,80
5876,80
5877,80
5878,80
5879,80
5880,80
5881,80
5882,80
5883,80
5884,80
5885,80
5886,80
5887,80
5888,80
5889,80
5890,80
5891,80
5892,80
5893,80
5894,80
5895,80
5896,80
5897,80
5898,80
5899,80
5900,80
5901,80
5902,80
5903,80
5904,80
5905,80
5906,80
5907,80
5908,80
5909,80
5910,80
5911,80
5912,80
5913,80
5914,80
5915,80
5916,80
5917,80
5918,80
5919,80
5920,80
5921,80
5922,80
5923,80
5924,80
5925,80
5926,80
5927,80
5928,80
5929,80
5930,80
5931,80
5932,80
5933,80
5934,80
5935,80
5936,80
5937,80
5938,80
5939,80
5940,80
5941,80
5942,80
5943,80
5944,80
5945,80
5946,80
5947,80
5948,80
5949,80
5950,80
5951,80
5952,80
5953,80
5954,80
5955,80
5956,80
5957,80
5958,80
5959,80
